d,kappa,lambda
1,-0.46965933455403996,-0.10621450305642607
2,-0.48212559290955087,-0.0751331970501959
3,-0.6592544237226782,-0.12736020107971796
4,-0.6665202950997335,-0.12859414312964135
5,-0.7990531015880761,-0.14491746102864697
6,-1.4244144339939797,-0.2998265369756093
7,-0.779697844590521,-0.08203851320069562
8,-1.7911085629079222,-0.3614600088274951
9,-1.827533086161704,-0.3689394309625749
10,-1.967625863380825,-0.3933766158053109
